data_length,number_of_bytes,frequency,noise,target
1.439524353,1.398107154,1.004201275,1.179013303,low
1.769822511,1.006301409,0.960044956,1.692742767,low
3.558708314,3.026785056,1.982019759,1.097901991,low
2.070508391,2.751061303,1.867824867,2.627068743,low
2.129287735,0.490833463,-0.549342775,3.120355028,low
3.715064987,1.904852549,3.040573456,4.127213552,low
2.460916206,1.104052177,2.249725736,2.366114383,low
0.734938765,-0.070751071,4.416207373,1.125218623,low
1.313147148,2.150120131,2.685198238,3.024474863,low
1.55433803,1.920788291,1.553040691,2.904758894,low
3.224081797,1.902630732,4.797391147,1.761751304,low
2.359813827,2.216152542,4.832226024,0.442145096,low
2.400771451,2.882465164,0.781288184,2.761309895,low
2.110682716,2.205597504,2.469031956,3.129144396,low
1.444158865,1.383564157,1.788753081,1.704892169,low
3.786913137,1.265200748,2.187051147,2.536242818,low
2.497850478,1.868197207,2.227542729,1.724109525,low
0.033382843,2.310016987,0.738099537,2.682315245,low
2.701355902,0.960319647,2.28558958,1.882709285,low
1.527208592,1.815691131,3.749247363,1.655324136,low
0.932176294,2.96726726,1.835909996,2.111620498,low
1.782025085,1.891719909,1.837073289,1.716594685,low
0.973995552,1.301579332,3.398572006,1.408982836,low
1.271108771,1.724054832,2.898396241,1.684063069,low
1.374960732,3.114648545,0.351505182,1.991847848,low
0.313306689,2.550043961,2.228556973,2.207495141,low
2.837787044,3.2366758,3.653547235,3.532423622,low
2.153373118,2.139097857,3.41527635,0.642002169,low
0.861863063,2.410275096,2.419951604,1.800380949,low
3.253814921,1.441543088,2.721220807,2.631523128,low
2.426464221,2.605370669,0.803064788,3.762020903,low
1.704928517,1.493666458,2.300131567,2.426014363,low
2.895125661,0.579434495,1.045551065,1.986246584,low
2.878133488,2.127992966,1.541981932,1.69244309,low
2.821581082,3.945851218,2.935603684,2.414308164,low
2.688640254,2.80091434,0.863106888,2.98905792,low
2.553917654,3.16525339,2.266918251,1.816141689,low
1.938088289,2.358855723,2.428332039,2.163761407,low
1.694037336,1.391442822,2.05491197,2.216936344,low
1.619528999,1.797759145,3.822188822,2.729277634,low
1.305293021,1.726751893,0.977652671,3.111380407,low
1.792082722,1.53130022,2.606130261,2.279160817,low
0.734603648,2.704167284,1.911069433,1.923829328,low
4.168955965,0.802636498,1.739167756,3.394663132,low
3.207961998,2.866366132,2.464091234,2.164534118,low
0.876891417,2.864152486,0.979599409,3.577851979,low
1.597115165,0.801377641,0.686549083,1.938077342,low
1.533344646,2.639491998,1.505519125,2.613922964,low
2.779965118,4.430226652,3.75175715,0.453911406,low
1.916630934,1.442784518,2.055764775,1.887608039,low
2.253318514,2.844904241,2.331434398,1.97820546,low
1.971453245,1.217798154,1.810153362,1.241654583,low
1.957129543,3.110711418,2.470492732,0.964107116,low
3.368602284,2.24982472,1.048320457,2.948159303,low
1.774229014,3.651915392,3.157910467,2.914158734,low
3.516470604,0.541029271,2.58470526,0.701268005,low
0.451247196,1.948702114,1.193547177,2.424378795,low
2.58461375,1.473074824,2.054553246,0.88745468,low
2.123854244,1.802735131,2.716331619,0.948926774,low
2.215941569,1.370421257,2.557730982,2.525412448,low
2.379639483,1.166156419,3.481934016,1.313976,low
1.497676547,2.578722375,1.387012245,2.993479982,low
1.666792616,0.912419286,3.116136615,2.038523599,low
0.981424617,3.484030932,3.03654801,2.536148976,low
0.928208774,0.813793415,1.837516868,1.476373302,low
2.303528641,2.101079151,1.024073307,0.848778665,low
2.448209779,2.532989287,0.910854809,2.914752241,low
2.053004227,2.586735339,2.457786958,2.238071492,low
2.922267468,1.698253336,1.928873266,1.760932241,low
4.050084686,2.079501995,3.779102667,2.069235327,low
1.508968834,2.961264152,2.53513796,3.325908343,low
-0.309168876,0.543534083,1.628055125,1.301833365,low
3.005738524,1.218260288,0.974457752,1.250591556,low
1.290799237,2.320402314,1.417598325,1.380384947,low
1.311991384,1.555218022,2.342888393,0.415008732,low
3.02557137,3.370003994,1.549065353,2.819628138,low
1.715226993,2.673253863,2.51423012,2.192369647,low
0.779282288,2.072166752,1.665661948,2.207171974,low
2.18130348,0.492242682,1.894440091,1.956652646,low
1.861108638,2.026100225,1.269490327,1.489839559,low
2.005764186,1.683584132,3.905043585,1.176581386,low
2.385280401,1.897653486,2.332621731,2.851856403,low
1.629339968,0.818440773,2.23063364,0.573815327,low
2.644376549,2.498658044,0.308137585,2.440298942,low
1.779513438,0.96104356,2.6597919,1.207388349,low
2.331781964,1.773778019,0.976376411,2.282310215,low
3.096839013,2.381425829,1.108478426,1.259309478,low
2.435181491,1.216484211,2.918341171,1.476658317,low
1.674068414,2.582991406,1.547299353,3.769365917,low
3.148807618,0.683489598,0.25162772,2.668282619,low
2.993503856,-0.809774679,3.76990411,-0.144897024,low
2.54839696,2.464967991,-0.377406925,2.126412416,low
2.238731735,2.840539827,2.57281153,1.548187064,low
1.372093924,1.714154576,3.017249249,0.863373812,low
3.360652449,2.504126255,1.369032133,2.20978589,low
1.399740413,0.844083475,2.444287051,2.129965516,low
4.187332993,1.872851393,2.439130388,1.671493427,low
3.532610626,0.058481624,3.040623153,3.972703567,low
1.764299641,3.181180891,2.484099388,-0.248690067,low
0.9735791,3.859910862,1.755116221,2.838219387,low
1.289593436,3.07401226,2.915992058,1.71097673,low
2.256883709,1.972653034,2.800622357,2.656513411,low
1.753308122,1.966669658,1.063430966,1.546002299,low
1.652457401,0.483932377,0.599212566,1.406135438,low
1.048381433,2.790385344,2.16027754,0.289620334,low
1.954972275,1.789265819,1.726037625,1.790551572,low
1.215095531,1.343257075,1.014460887,4.478745801,low
0.332058063,0.587974207,2.08393068,2.989702208,low
1.61977348,1.700237503,0.680003474,3.675572156,low
2.918996609,1.150938865,2.161226351,2.914965318,low
1.424653037,1.60296948,1.375071612,3.144262708,low
2.607964322,0.782400012,2.957164274,2.902876414,low
0.382117292,3.687589483,4.424489141,2.475392432,low
1.944438034,1.983997473,1.084020756,1.417471226,low
2.519407204,3.074945077,3.057664171,1.467065263,low
2.301153362,-0.60169967,2.825149728,0.399160004,low
2.105676194,1.54680217,1.929805776,1.994182286,low
1.359293992,1.324517708,1.546353626,2.899355676,low
1.150295654,0.777073821,3.575307707,3.031922557,low
0.975871209,3.546609154,-0.005457818,2.095132704,low
2.117646597,0.58471808,1.356805208,1.452372383,low
1.052525386,2.31839026,0.563156556,5.290517443,low
1.509442556,2.846436286,3.395313439,2.736685531,low
1.743907808,2.178190188,1.809296567,3.420575305,low
3.843862005,1.124744523,1.475328801,1.662319359,low
1.348050098,2.941165807,5.184044474,1.962042373,low
2.235386572,2.170588082,1.949962732,2.448607098,low
2.07796085,0.936502094,1.556250688,3.676522312,low
1.038143366,0.611950952,2.29986525,1.688525455,low
1.928691914,4.086717434,0.431575379,2.853615667,low
3.444550858,1.321496855,2.490302643,-0.094814634,low
2.451504053,0.144428346,1.903836799,1.492745566,low
2.041232922,2.533259363,2.468525123,0.707990923,low
1.577503168,2.310230256,1.017629364,3.113362717,low
-0.053247222,0.646165664,0.977016158,1.835546912,low
3.131337213,0.057043586,1.306585337,1.609625918,low
0.539359929,1.883697483,1.232010427,3.369099846,low
2.739947511,3.139396292,3.299049967,3.116272858,low
3.909103569,2.636124035,3.579145562,1.101978797,low
0.556106839,1.507062576,1.843108047,2.427866488,low
2.701784335,1.165811768,1.641063439,0.771555431,low
1.737802511,2.271066757,1.67096117,1.524384976,low
0.427855841,2.157353347,2.069236478,3.616577637,low
0.485332346,2.629711747,2.096904234,3.450127951,low
0.398463826,1.60420205,2.290034388,3.109018755,low
1.469093478,2.899354053,1.253321059,1.429096114,low
0.538244415,1.169188473,1.153103611,0.11856853,low
2.687916773,1.6694553,3.197077664,0.824301816,low
4.100108941,2.740814524,1.451372639,2.952556525,low
0.712969524,2.989971609,2.303045695,1.709432114,low
2.787738847,0.061495299,1.943029466,-0.162608146,low
2.769042241,2.107190407,1.042150608,1.819812512,low
2.332202579,2.608779012,2.591061909,3.410239221,low
0.991623392,0.549175687,2.173104873,2.643468641,low
1.880547393,2.4806256,3.399783356,1.178741456,low
1.719604665,1.17182573,2.117459585,0.454083348,low
2.562989533,3.020253012,1.668454242,1.173452774,low
1.627561244,2.538482032,2.278294913,2.034527671,low
2.976973387,2.769052295,0.814408351,2.888073701,low
1.625419142,2.120719329,1.164105947,0.060059845,low
3.052711466,2.863648434,2.510273251,3.023201755,low
0.950822993,3.380514528,1.666879099,2.005457727,low
0.739844755,3.966248015,1.934039054,2.56977897,low
5.241039935,1.971604945,1.884778291,0.346744437,low
1.583142412,-0.24905109,1.349487381,1.33334562,low
2.298227592,2.031526005,-0.018688659,1.551765811,low
2.636569674,2.205561208,2.34883497,3.043891348,low
1.516219374,1.844654653,2.761639508,3.028174047,low
2.516862044,2.568288621,0.711283765,2.435090459,low
2.368964527,3.010677965,3.482402718,3.604212182,low
1.784619492,1.48201757,2.385154824,1.4845888,low
2.065293034,1.705904673,3.341640295,3.012537194,low
1.965932746,2.397842209,1.042829529,1.96405997,low
4.128451899,1.449776259,2.166781288,1.332657904,low
1.258663904,2.091267383,1.899986041,2.923380038,low
0.904003733,0.038292401,2.768507432,3.381100331,low
2.037788399,0.880100279,1.424140432,2.878250416,low
2.310480749,0.672244524,1.989902328,1.490596545,low
2.436523479,1.146376303,0.221340851,1.530212366,low
1.541634667,1.306695472,1.222378557,3.377675847,low
0.936673866,2.382305143,2.125033884,2.352826406,low
3.263185176,2.982113003,1.293678508,2.829573979,low
1.650349612,1.272616471,1.956430514,1.661298016,low
1.134487137,1.003161018,1.532074026,3.261034936,low
1.763720431,0.958311141,2.606930136,1.191244855,low
1.802824106,1.585411274,3.168488309,2.625351521,low
3.10992029,1.760970932,1.177498587,1.182825034,low
2.084737292,2.483617534,1.692963441,-0.462575017,low
2.754053785,1.678675158,3.439761258,0.657042489,low
1.500707983,-0.078489269,-0.198923254,2.136295199,low
2.21444531,1.908565724,1.680162208,2.88292275,low
1.675314089,3.187186811,4.064704284,0.248697917,low
2.094583528,3.191601269,4.193590069,0.748575531,low
1.104636642,1.211036782,2.156595323,3.764545997,low
0.689198467,0.452223456,1.136391049,1.56610065,low
3.997213385,4.458060492,2.165457419,2.505700132,low
2.600708824,1.837578058,1.347225604,1.473064679,low
0.748728638,1.90254875,3.452817282,1.701417115,low
1.388834083,2.420574189,1.193517344,2.087244207,low
0.814519915,0.385960543,2.372911595,2.010961843,low
4.198810349,1.271780889,2.619850075,1.807439789,low
3.312412976,0.459557595,1.242489839,1.530203515,low
1.734854943,1.306905386,2.851524682,-1.04786089,low
2.543194059,2.118849433,1.252070029,3.8686555,low
1.585660052,0.635290542,2.63023983,3.790424208,low
1.523753105,2.589982679,3.096661633,0.898918258,low
1.211397162,2.289344029,1.011557078,1.831892478,low
1.405382733,1.095784974,3.107995041,3.375275305,low
3.650907467,2.226324942,1.510467129,2.998290023,low
1.945971875,2.748081162,2.294353388,3.276601619,low
2.119245236,3.061095253,2.201837472,0.928253082,low
2.24368743,1.787151721,1.572803614,4.577268096,low
3.232475878,1.906363206,2.26810287,0.86654004,low
1.483936169,1.913285865,0.769569075,2.753916342,low
1.00749285,3.441461756,1.863863128,2.14127598,low
3.675696932,3.125071892,2.825790832,1.596289682,low
1.558836783,2.834401568,-0.174124649,1.620584202,low
1.27693403,1.7126592,0.512073813,1.008603187,low
0.763726881,2.373241434,0.838062442,3.622659796,low
0.715284278,2.403290331,0.410910306,2.089513228,low
1.426026521,0.958326706,2.419583039,2.259217949,low
2.617985817,0.271695485,1.00707165,2.209632833,low
3.109848139,2.641830028,-0.164547085,1.624829247,low
2.707588354,0.470689469,1.362431235,0.865978755,low
1.636342703,2.001683688,1.609364749,2.25372631,low
2.059749937,2.250247821,2.856785474,-0.09363945,low
1.295403536,2.56386739,0.896247864,0.581433057,low
1.282781838,2.189426238,3.161289256,0.923603305,low
2.884650499,1.267146194,2.398362716,0.921321137,low
0.984407421,2.98636586,2.362352158,2.107188817,low
3.955293965,3.738633767,1.14747433,3.598487548,low
1.909680406,2.881178809,3.95366788,0.484675856,low
2.214538827,0.056349099,1.835729168,2.433676021,low
1.261472295,3.399576185,0.175102416,2.899544753,low
1.42561131,1.943944054,1.796143529,1.010467798,low
0.682983868,2.524914279,0.065555929,1.947200598,low
1.817074612,2.622033236,1.689489884,2.823610903,low
2.418982405,1.903313927,1.577772997,1.744490897,low
2.324304344,1.924736802,2.68182969,1.779315653,low
1.218463513,3.019157069,3.009496186,2.307726791,low
1.211378029,2.711601922,1.273895035,1.939986747,low
1.497801282,2.990262246,2.806108868,1.44434711,low
3.49606067,4.382926695,3.42432311,1.861384981,low
0.862696379,2.664415864,1.215855995,3.882839792,low
1.820948406,2.207381157,1.347595634,2.87366868,low
3.902361822,-0.210633111,2.650778363,1.085402927,low
1.899025115,4.691714003,2.18304797,0.755082378,low
0.640159296,1.517323178,2.54877496,1.640017759,low
1.335230565,4.374734715,3.404684295,3.328774701,low
2.485459979,2.374643568,2.38708312,2.292679118,low
1.624397128,3.538430199,3.05170127,1.298494763,low
1.438123636,1.890289679,2.622905462,2.882234568,low
1.656082766,2.511470755,2.43362039,1.866629611,low
2.090496647,2.21395798,2.386084438,0.879321501,low
3.598508771,1.813879301,3.291323304,2.461192454,low
1.911434888,1.879606175,0.997740126,3.52414281,low
3.080799496,3.012834336,0.894817271,2.434468298,low
2.630754116,1.798541853,2.591946003,2.192000371,low
1.886360104,-0.037682494,1.880310336,1.343756872,low
0.467097997,1.804110751,2.074005212,2.568398531,low
1.478882682,2.539790606,2.741277377,0.929429465,low
1.510129547,2.616455716,2.753295048,0.346850976,low
2.047154433,2.616567817,1.737329497,1.956647232,low
3.300198678,0.307898479,1.687456131,1.965406494,low
4.293078974,2.368742058,2.073598609,4.365055532,low
3.547581059,2.96785921,3.063017789,0.783652692,low
1.866849036,3.276578681,2.426020487,2.170906323,low
0.243472604,1.775038729,3.433007511,2.805053094,low
1.611220136,1.678107414,1.99236313,3.050592844,low
2.089207223,3.487837832,3.125667605,1.989275515,low
2.845013004,0.332071954,2.883002311,1.256743859,low
2.962527968,1.563170023,2.612083461,1.934215948,low
2.684309429,2.457462079,2.414700707,3.939755992,low
0.60472565,0.382226235,1.720117603,2.482739008,low
2.849643046,2.279627862,1.890962491,-0.044477073,low
1.553442784,3.877864021,2.229395496,3.423459129,low
2.1748027,1.995939347,2.048888891,2.540502661,low
2.074551177,1.721545975,2.943224468,1.966428228,low
2.428166765,2.474911714,1.890682877,1.982136379,low
2.024674983,1.720927829,1.929623078,1.85021028,low
0.332524902,2.813400374,1.515680912,2.256559481,low
2.736495965,2.904435464,1.861663671,1.496133067,low
2.386026568,2.002691661,1.931234358,2.277011252,low
1.734348375,0.823307842,-0.313735774,1.068643975,low
2.118144511,0.681779273,0.635168303,2.200146875,low
2.134038645,1.407002634,1.92751309,3.106837421,low
2.221019469,2.797380501,1.734716225,2.509206114,low
3.640846166,0.041794825,0.799130672,3.033749676,low
1.780949621,0.113674841,0.008461824,0.909131238,low
2.168065384,1.346220175,1.64563078,2.054792784,low
3.168383873,2.394394848,2.653495766,2.617250303,low
3.054181023,1.086433952,3.773238632,0.931995132,low
3.14526311,2.886749037,1.961543206,3.565814337,low
1.422531999,2.33336997,3.493184841,0.965191989,low
4.00248273,1.829360382,2.083022158,2.164518709,low
2.066700871,2.818828137,2.115532104,2.15183233,low
3.866851845,2.388365163,2.324825313,2.121670302,low
0.649097314,1.554064973,1.129422755,1.789575416,low
2.020983586,2.231114934,1.948281787,2.449936787,low
3.249914571,2.647513358,2.908447699,0.968835508,low
1.284757813,2.356283345,1.250274213,0.710635812,low
1.247311032,1.341989792,1.67839393,1.345431362,low
1.061461296,2.855202205,0.85222925,1.942675896,low
0.947486721,3.152936226,2.354352196,3.25674782,low
1.562840467,2.276274557,2.424799782,3.58745414,low
2.331179173,2.144104662,2.648347351,2.319481463,low
-0.014210498,1.924374919,0.780189968,2.381591623,low
2.211980433,4.161415846,2.107235035,1.756355116,low
3.236675046,2.276315532,1.055942308,2.048053084,low
4.037574018,1.841705971,1.999615351,0.595454139,low
3.301175992,-0.507917802,3.34262392,2.289933729,low
2.756774764,0.434718235,1.496474713,1.464446418,low
0.273269601,1.922326799,2.716683321,2.334678773,low
1.398493292,2.206294045,1.250331416,1.654018661,low
1.647953543,2.276872459,1.52147179,1.338384265,low
2.703523903,2.82150678,2.438721751,1.780888623,low
1.894328666,1.805847591,1.32088773,1.633095089,low
0.741351372,3.214588794,0.297035165,3.094578208,low
3.684435708,1.078483957,3.265168435,2.209208082,low
2.911391292,0.79155728,2.360357238,2.432491426,low
2.237430272,0.771013822,1.416360559,0.759146414,low
3.21810861,2.742297024,0.005921213,3.49682171,low
0.661225713,1.917080058,3.902209771,2.159370441,low
2.660820298,2.789817922,5.390370821,1.143718597,low
1.477087624,1.732293578,2.207480407,2.309046645,low
2.683745522,1.408107898,2.849806648,2.87043403,low
1.939178045,1.631647425,3.224560312,0.616322862,low
2.632960713,0.147383176,1.298195566,3.69010697,low
3.335517615,0.83038474,1.64880377,1.841969295,low
2.00729009,0.557965354,0.272878963,3.121170781,low
3.017558637,3.054322272,1.263421768,2.072261319,low
0.811565965,1.402669909,2.622409783,1.667577155,low
1.27839556,2.789459853,1.709284011,0.165079953,low
3.519217711,3.516490602,1.785788466,0.899827781,low
2.377387973,1.808225191,1.887440448,1.9586597,low
-0.05222282,2.283878906,0.136333018,2.827852545,low
0.635962548,0.248932481,2.837629934,0.118321346,low
1.799218984,1.181330222,0.556507111,3.375441112,low
2.865779404,2.056214849,1.791429838,3.398990464,low
1.898116744,2.299086903,1.561436538,0.856683744,low
2.624187472,1.240601883,1.781406183,2.472300562,low
2.959005378,4.684858999,3.459965945,0.966360787,low
3.671054829,1.541609861,1.417940082,1.874800021,low
2.056016733,2.064243557,1.216902404,2.928662739,low
1.948018094,2.649791867,0.480346005,2.868339648,low
0.246762641,1.973981365,1.194301918,1.150825396,low
2.099327594,1.356432613,0.833815293,1.613363546,low
1.428149942,3.045305664,2.407946196,1.023836429,low
1.025990417,3.615545323,1.136995754,2.33954366,low
1.820093769,1.970306029,2.304042035,0.440924836,low
3.014943173,2.562267345,1.853572512,-0.629325442,low
0.007251511,1.902587501,0.56643782,3.469812282,low
1.572720713,3.016455218,1.209392214,4.273472913,low
2.116637284,0.843832606,2.885112455,1.54496646,low
1.10679243,4.320860224,2.903076086,2.761102487,low
2.333902942,1.396468752,4.005573274,1.992497216,low
2.411429921,0.541150586,1.996419692,3.4743138,low
1.966963841,1.649082173,0.504173186,2.554143933,low
-0.465898194,2.146708484,1.231582973,2.203663965,low
4.571458146,3.623621208,2.408488505,0.200863548,low
1.794700743,2.911209677,3.900136335,3.082955681,low
2.651193282,2.142458432,2.110009123,1.649146385,low
2.273766491,0.610516476,3.140386825,0.596509915,low
3.024673235,1.133962255,2.768081305,1.798203335,low
2.817659446,1.836715068,0.831908378,1.87322184,low
1.790206829,4.553026113,1.828887348,3.059206873,low
2.378167772,0.139772426,3.305261536,0.832603968,low
1.054591169,3.131054652,2.87609611,1.442356373,low
2.856923011,1.472765743,2.463796142,3.488119928,low
1.538961661,3.6659909,2.477114245,3.358665769,low
4.416773354,0.86079936,1.5085947,3.163214544,low
0.348951104,2.143623235,0.680614687,3.661523945,low
1.536012757,0.900449058,3.295425791,2.20403098,low
2.825379863,2.903516426,0.579780508,1.418116313,low
2.510132547,3.483779489,1.06110408,2.555204062,low
1.410518961,3.950721006,2.628964993,3.058723126,low
1.003219258,2.797600658,0.737805451,4.413633271,low
2.144475705,3.843266255,1.448129587,0.035017667,low
1.985692587,3.246423909,0.817200493,2.273235703,low
0.209718763,1.868125088,2.620663558,2.654794583,low
2.034551067,2.477037238,2.446313017,1.945401345,low
2.190230316,1.028005789,2.421884693,0.442177752,low
2.174726397,1.814797831,2.442464772,2.741500892,low
0.944982957,3.220963708,2.557245746,1.220914259,low
2.476133278,2.541284143,2.639356492,2.505861499,low
3.378570137,2.457357332,0.031338443,2.907551706,low
2.456236403,0.96186896,1.851183639,3.28395701,low
0.86441153,1.39548677,2.112463813,0.442136203,low
1.56435453,1.235393986,2.724676203,3.081741848,low
2.34610362,2.39529587,0.812513924,1.243018643,low
1.352954369,1.00949237,1.50039981,0.710980526,low
-0.157646335,2.56204139,0.926357009,3.314320666,low
2.88425082,0.883583588,3.057240213,3.146259973,low
1.170522388,3.828530458,3.279072583,1.757416732,low
1.426439729,2.460591349,2.787676725,2.759540706,low
3.503900609,1.298996388,0.777596617,1.139674259,low
1.22585507,2.241045933,2.451952117,1.848968421,low
2.84573154,1.647546801,3.150449186,1.906276766,low
0.739317121,2.37114796,2.167940981,1.719259945,low
1.645457597,2.243532719,1.433890667,2.734098736,low
1.926443981,0.985885827,0.913881759,3.537327535,low
0.831348576,1.208686121,1.334697204,1.544228937,low
1.365251735,2.299593685,2.714848356,1.967341548,low
1.971158447,3.639051909,1.5683389,3.636757349,low
2.670695969,3.084617009,2.22761494,1.670958029,low
0.349453457,1.375432526,3.294945796,-0.604038171,low
1.650245761,2.825922902,2.57833494,2.513983786,low
2.756406439,1.951431647,3.364672781,1.113531989,low
1.46119084,2.301313652,0.298420197,1.001461594,low
2.227291922,2.260361491,1.71932372,3.420816814,low
2.49222857,4.575449764,2.065068019,4.447998007,low
2.267835015,0.814711189,2.578589292,0.960217459,low
2.653257679,2.100919859,0.830793378,3.031025182,low
1.877291339,0.220022712,2.806184855,1.905852162,low
1.586323486,2.589835923,2.307390076,2.141807459,low
-0.643148952,3.096608472,2.263806014,3.222236701,low
1.907058982,3.445662241,2.508484792,2.213674518,low
2.430284696,0.074854748,1.88364156,1.148634646,low
2.535398841,2.412769497,2.925546098,1.529591125,low
1.444721649,3.593369951,2.648229774,2.686135255,low
3.77950291,1.585984137,1.849790626,-0.335947332,low
2.28642442,1.787849468,3.040377019,3.095244382,low
2.126315858,1.963462778,2.292558685,0.432849901,low
3.272266779,2.365018751,2.668751399,2.021931063,low
1.281533779,2.665159876,1.405822358,1.809641022,low
1.549661376,3.317820884,3.580431837,3.293069486,low
4.39745248,1.90451241,1.996011056,2.188849315,low
2.011129187,2.196278045,2.847842769,2.101939135,low
3.633568421,4.487997877,1.899883474,2.698135809,low
0.561493355,2.431098928,1.720370093,1.172985444,low
1.809483198,2.188753109,2.784438245,1.804101144,low
2.378423904,0.657756875,0.415383355,3.177584414,low
2.300038545,2.002856048,2.478366148,2.683473621,low
0.99436374,1.778673847,2.393566373,0.724503293,low
2.019259275,1.98895417,-0.695329369,2.637956367,low
0.922579347,1.424582359,2.368377329,0.622410375,low
2.712703325,1.313184348,-0.168417747,1.401689196,low
3.08477509,1.279226368,2.659804377,3.210920384,low
-0.224987696,1.785495485,1.546086267,-0.251045175,low
3.235693462,3.368132648,1.305063175,0.220985809,low
0.758955503,3.049086627,1.993153697,3.301372673,low
2.454769269,1.640024882,3.373052045,1.185207216,low
2.659902638,0.314083545,1.364676923,3.243707019,low
1.800110172,1.155416571,2.558103294,1.831749799,low
1.354886043,1.542239467,2.341157868,2.427775678,low
2.165321021,2.103638004,0.820481371,2.81327889,low
2.438818701,1.337392724,0.258977983,1.348788131,low
2.88330282,4.006680691,0.007414229,1.695409077,low
-0.052336984,1.727732466,2.551274211,1.58490283,low
0.363620732,0.78605553,1.965257938,4.816084276,low
3.430402341,1.858738243,3.850571704,2.126147069,low
3.046628847,0.994622418,2.573675108,2.472800423,low
2.435288949,2.156155707,2.849695891,1.659246459,low
2.715178407,2.233633614,3.334383585,1.758209357,low
2.917174918,2.355587612,1.499280902,3.378754669,low
-0.660922798,0.378141741,2.510097928,1.66111633,low
3.110277097,2.220711291,2.86879327,2.020136303,low
1.515012403,2.310450081,3.369351688,2.376962164,low
2.230616831,0.578891552,2.762651146,1.568276255,low
1.704842199,2.95536564,2.421147173,3.959064156,low
2.871964954,2.784170879,1.131775953,0.571540388,low
1.651527551,4.299619361,2.729560361,4.01129298,low
2.518503766,2.156702987,2.500265872,1.648408111,low
1.609315021,2.046733528,2.634250254,3.357119647,low
0.907212791,2.096585834,2.423645046,0.000822589,low
3.21001051,2.069766231,1.798161955,2.956080621,low
2.740900011,0.151527225,1.923134102,2.876431265,low
3.724262239,0.328872941,2.687364113,0.728783028,low
2.065153933,1.922461033,2.171631507,1.231676122,low
3.125002746,1.418932619,1.169891426,2.193524845,low
3.975419054,2.054736525,1.70984088,3.143835429,low
1.718517885,-0.111208373,0.680874276,1.234000696,low
0.677048887,0.501301745,1.032968097,1.775874001,low
1.760648433,0.898516561,1.85538893,3.571346935,low
1.78595876,2.986058221,0.201867444,0.872652759,low
2.151680505,0.901509993,0.311457525,2.947793981,low
3.712304977,1.200486046,3.102565199,2.448768189,low
1.673856107,2.079873819,1.423381076,0.894185471,low
2.373004656,1.677253638,0.14830827,1.332132158,low
1.772315935,2.146417179,1.887136761,2.78327751,low
2.020450709,4.305061982,3.321069267,2.248959433,low
2.314057664,0.875396329,2.662254297,3.425098277,low
3.328214696,1.69453036,2.441383198,1.398216038,low
2.121318377,1.48324055,3.183745912,0.285512304,low
2.71284232,3.512395427,1.228498559,3.047826926,low
2.77886003,1.230515077,2.729689191,1.391378382,low
2.914773271,1.917913096,1.412914384,2.120340527,low
1.425605448,2.787133614,2.000764186,3.719041814,low
3.626881214,0.941409464,4.214465319,1.749585948,low
1.619043261,3.655175816,2.969434396,3.549555327,low
1.894215832,2.675762415,2.768007714,0.90286035,low
3.404050268,0.92579339,0.891672088,2.925511236,low
3.294083906,2.454577809,1.21376408,2.246799212,low
0.910008128,1.786692857,4.28411648,1.263228461,low
1.126929,2.313228772,0.906699236,0.719991061,low
0.641920941,1.910024803,2.214479375,2.076643664,low
2.181847193,3.070516037,2.89257106,2.255164762,low
2.164840868,0.648899614,3.018757972,2.277446817,low
2.364114687,1.477383303,3.089112011,2.536856022,low
2.552157714,1.750809322,1.83687101,1.539514434,low
7.488396278,7.321192381,7.849692522,9.478334459,medium
8.236937879,8.574312736,7.672242867,6.593213283,medium
7.458410828,7.295485474,6.55183471,6.116027868,medium
9.219227647,7.466015943,7.302715415,7.722633772,medium
8.174135875,8.774384607,10.59849023,8.430427805,medium
7.384731684,7.524378605,7.962584986,7.871213332,medium
6.193107036,7.975572621,8.91349189,9.129264595,medium
7.356318894,9.019008096,7.815473502,7.753471507,medium
10.04601885,6.794419604,8.609824296,6.834452184,medium
7.439237579,9.595293867,7.947273191,9.519882293,medium
7.164000694,10.04195546,9.363921956,7.765973256,medium
8.652947503,8.61448125,7.496366583,7.716026413,medium
8.441293125,8.421931174,6.290939831,7.736841716,medium
8.751629057,7.503578332,8.898549683,8.056004304,medium
7.722024915,8.490961413,7.762265974,5.68133811,medium
9.122654216,7.49801783,9.463407581,8.683297132,medium
6.82739114,8.288169818,8.124378266,8.721231899,medium
7.951123232,7.313373992,9.453740844,8.629245191,medium
7.295859663,8.788403786,8.35022696,7.58887438,medium
8.680758638,8.691368841,7.65097452,8.099308427,medium
8.130006761,9.242999008,8.725598608,6.565087328,medium
9.109708082,9.982209712,7.54076157,8.359780354,medium
10.05850087,7.353558165,9.684759231,7.182944643,medium
8.140655532,8.966189292,8.146584017,9.316892925,medium
7.465383348,6.572732553,5.970142907,7.074176432,medium
7.176483273,7.542516241,7.52782992,5.940914617,medium
7.736966018,8.945466685,6.367628073,8.172659184,medium
7.930398164,7.26161085,5.821644694,6.369443867,medium
9.991801915,8.3456407,8.059208651,7.072153381,medium
6.870890457,7.099555306,8.647860637,8.80403229,medium
6.906782563,7.629649296,7.238573111,9.872331749,medium
7.59203331,7.959203074,6.671157674,7.73732191,medium
8.587559463,7.387681234,7.397969253,8.971651298,medium
8.82111186,6.05414791,6.449474728,6.622636138,medium
7.092065301,8.24309633,8.703001795,9.730501314,medium
8.127038606,8.474900095,8.574503005,7.994912819,medium
7.957107022,8.136714574,6.40470849,7.220119757,medium
9.19520647,7.511252274,7.375931138,8.397543921,medium
9.089192237,8.900203657,9.047216055,7.190751063,medium
7.687719306,9.07753566,7.831940765,8.05032303,medium
8.045993767,5.626329144,8.009515892,8.101772042,medium
8.652722613,9.124574838,8.417240224,9.169123546,medium
6.346507363,6.220452253,8.626834197,7.433408906,medium
7.689729035,7.655449638,9.206243139,7.624659712,medium
8.574872884,6.890826886,8.772565369,8.123993539,medium
7.476767846,7.369894217,6.622432936,8.897374478,medium
7.940081799,9.316883769,7.637573075,9.895596993,medium
7.978992465,8.534513388,8.302298496,9.582186456,medium
7.276346786,8.493898086,7.890920124,8.960255354,medium
7.005520164,5.922007569,5.820834719,6.096923023,medium
7.800132765,8.196325343,7.241885275,8.947324754,medium
7.652972177,8.628803154,9.014551151,8.753420372,medium
8.834095066,8.860947143,8.158047162,7.302202873,medium
9.529882212,7.02675265,6.527439562,7.435069789,medium
7.988077621,8.937543052,8.215926206,6.630849655,medium
8.398671992,6.604794222,7.841292527,7.987453025,medium
7.929584686,9.738743019,8.671853873,8.090630016,medium
8.601359844,7.20136571,10.1065586,6.246449539,medium
8.218495462,8.765024387,6.484099869,6.418662367,medium
8.236595502,8.317911345,7.494936478,8.174485077,medium
9.112915128,6.936399482,7.86123706,6.973116062,medium
7.012578851,9.144258656,5.863795,7.700783678,medium
9.447864013,8.033376843,7.968780004,9.007716686,medium
8.349112412,8.818407775,7.406830962,7.574088799,medium
8.180822011,8.218192086,10.23560277,8.127064315,medium
7.439758149,8.868497252,5.082023786,8.615771025,medium
7.836122408,8.021680521,9.488221168,6.875342289,medium
8.373684804,9.11522865,9.008024668,9.242677022,medium
5.936285743,7.647819135,8.73509163,8.917015357,medium
7.398478051,8.527288318,8.146811993,9.272965293,medium
8.585991612,8.378571522,7.289199705,7.573798897,medium
7.705518214,8.843859777,9.105631401,6.53568041,medium
7.199472455,7.378957505,7.114252935,8.51116295,medium
7.364305469,8.177691498,8.694761818,8.618532252,medium
8.235749032,7.419834921,8.402639185,10.54036862,medium
6.365167615,8.908637826,9.076238196,9.719492926,medium
8.871229241,7.363313621,7.403453569,7.535117235,medium
5.831065326,9.732238696,7.419012372,6.99322271,medium
7.496660478,8.790371602,8.302076564,8.620988963,medium
7.212817521,7.986292021,8.305685156,9.993242493,medium
6.75139979,9.206196475,9.373998354,6.816866034,medium
6.92209266,7.91540906,8.485399428,7.219498391,medium
8.250077354,8.563262282,8.144840039,9.747694988,medium
7.880225969,8.5281944,8.842619844,9.837186982,medium
7.699147368,8.423038432,7.456392184,8.194556414,medium
5.679236224,7.40323577,9.092971896,6.379769716,medium
6.675679289,6.749155722,6.977458396,7.457429473,medium
7.868692888,6.31839929,8.338147371,9.16741884,medium
7.121964847,7.543703641,6.293154236,10.15373357,medium
7.20323107,8.682793192,8.246449258,7.98412346,medium
9.049540713,7.760962516,6.432036869,7.368554866,medium
8.175588349,6.796649067,7.768515055,8.305287316,medium
6.956155378,10.1564776,6.24254455,8.144878604,medium
7.531303985,8.702009423,7.36038017,7.090664694,medium
7.715096518,9.9466181,7.22383309,8.591884174,medium
7.319704819,9.213036354,8.554774653,9.390444308,medium
7.03594639,7.388620882,7.41787787,8.013120427,medium
7.948195918,7.588078797,7.231404898,8.625750201,medium
8.74119472,6.559319022,9.221515688,8.252085033,medium
8.226852004,8.740473453,9.66917041,8.461566094,medium
7.799852987,9.623659252,9.093480384,7.78637691,medium
8.387820245,7.079515122,6.508757495,9.197876058,medium
8.793918367,6.797802353,9.276653083,8.231803133,medium
7.859486042,8.882678068,6.771462429,7.497158548,medium
8.455805199,6.483520964,7.928048978,8.63045713,medium
6.854427093,9.921611558,8.734458203,8.957297526,medium
7.750349312,8.572135778,7.78611292,7.925517137,medium
7.579701725,6.285104946,7.849607196,5.321835589,medium
8.195664504,8.354918896,8.125382426,9.636164387,medium
8.357319514,8.105181866,8.427858022,7.249369451,medium
7.876382021,5.531586467,8.411350679,7.650856092,medium
7.233785777,7.95814197,6.273638746,9.61863074,medium
7.070285783,7.412739232,7.824351766,6.101960111,medium
8.278520611,7.112703007,8.286838523,6.89345564,medium
9.356836852,8.23871682,8.590740012,7.250549291,medium
7.212864405,8.850890302,7.682639716,6.68711863,medium
7.615201328,9.727008833,7.29734836,9.103288324,medium
8.33068056,5.367492354,6.632412198,9.264496134,medium
7.44537955,8.743611328,7.271192751,8.500876131,medium
8.121572315,7.047648889,7.878475074,7.560594174,medium
7.952403883,9.156330165,7.364793951,7.576320024,medium
7.223748409,8.345861674,8.594702688,7.431926928,medium
8.831441251,9.444957172,8.367501231,7.475293634,medium
8.846307837,6.517238694,6.391261565,8.482825594,medium
9.024139507,8.494631298,8.317331845,8.909263365,medium
9.267996586,8.295159338,8.541704658,7.543422313,medium
7.493638212,9.047862246,7.73867301,8.318990399,medium
7.535518103,7.768831491,7.973504238,5.614207249,medium
8.261218,9.144016846,7.567761693,8.075836973,medium
8.630080977,7.555039125,7.706613257,7.121558144,medium
7.660373844,7.570762596,6.992959875,9.09853318,medium
7.576655192,8.025379301,8.4252076,9.185824408,medium
7.381728472,6.930747828,6.775183408,5.803504619,medium
9.482201891,7.543428359,7.409535345,8.922317518,medium
5.491833648,9.110003828,7.086361931,7.434271606,medium
7.832421966,9.651828704,7.129082286,7.836058978,medium
8.038212877,9.11425468,7.63144436,8.898500827,medium
6.940390397,7.575134825,7.514747484,8.689167319,medium
8.385425895,8.318479886,7.300038121,7.180976755,medium
6.032912316,8.098489649,7.746566103,8.320066757,medium
8.954968861,6.740972527,6.415102392,7.532924769,medium
6.336639415,8.257408211,8.111038368,9.251855336,medium
5.79726512,7.175706672,8.631846159,6.428527414,medium
7.236436174,6.939375781,6.716901308,8.819754452,medium
8.162080394,8.725505461,6.586899378,9.391096088,medium
7.348432835,7.292068113,10.23199711,5.390474991,medium
7.440713005,7.855951249,8.239507241,8.647746597,medium
8.333204975,7.026284423,8.053192927,7.637020418,medium
6.941099079,8.055944426,7.801492544,8.110221751,medium
7.914150454,8.492346553,8.492647761,7.729925852,medium
8.497932993,8.502545255,8.037241061,8.692097307,medium
9.633989657,6.924742023,7.454088048,8.928280305,medium
8.479451881,9.25804225,7.567523933,8.593130101,medium
9.714762992,9.492971713,7.655515294,7.893707231,medium
8.453160034,8.372910426,7.680330604,7.575870871,medium
7.996758873,8.157479548,7.248301126,7.859686248,medium
5.743465144,8.077342903,9.074101523,7.772708849,medium
6.775341448,8.257545946,8.093822156,8.205061938,medium
7.681037376,8.376423589,7.226933171,7.175404511,medium
8.712270456,8.136823619,8.591248735,8.584580584,medium
7.677486427,8.653823171,8.350228479,7.001701334,medium
8.543648621,7.664231458,7.862420419,6.515718494,medium
6.936188648,9.129344929,8.400881867,8.257777483,medium
7.725870283,7.962317188,7.093621005,8.415290004,medium
8.217006032,6.244305983,7.801159747,9.025419573,medium
7.640614282,7.900279631,7.000845296,8.726076068,medium
8.112831695,8.447020453,6.816189566,8.219787376,medium
7.329251974,9.230031673,7.66860135,8.691599612,medium
8.374345223,8.060210433,8.168024801,7.019502265,medium
7.918945107,6.059930798,7.086994469,6.859390296,medium
7.952950653,8.004831766,7.824941872,6.784512003,medium
6.051212914,6.800788078,6.169553879,8.044728536,medium
7.326331419,7.023894296,7.553262748,8.661470375,medium
6.510355915,6.974372949,9.170667275,8.906392247,medium
6.394281942,7.200773075,6.848584102,9.483701453,medium
7.506116899,9.137129091,6.80706798,8.329200588,medium
7.839201632,7.1684711,7.780138541,7.871808551,medium
8.283600226,7.560937226,8.534670733,7.338723057,medium
9.09126265,8.184173461,9.236109166,8.25406822,medium
8.444400297,8.890379626,10.65374073,7.935644725,medium
9.012070341,7.33329499,8.800893238,7.674870683,medium
7.473689712,7.173776136,8.671453527,7.322976935,medium
7.692159827,7.481384278,10.02792412,6.994135102,medium
9.085168884,6.828281301,7.699075696,7.017053002,medium
8.001207184,8.920033349,7.786650594,9.468830362,medium
6.319755284,5.818041866,8.25327015,8.250617833,medium
7.153444481,7.472307923,6.579911955,7.569928243,medium
9.00759206,6.558859978,6.164563345,6.42080892,medium
7.389262742,6.043215216,9.806789374,8.192863737,medium
8.333444133,8.028658197,7.425004257,7.502699945,medium
8.014222696,9.538235661,7.542119143,7.914108449,medium
7.503642393,9.634640355,7.007044234,7.792851245,medium
7.649213608,7.437223792,8.144072597,8.776055389,medium
8.391720548,7.303044291,8.591140522,7.931364741,medium
8.209578829,7.461773697,7.771388762,7.821998583,medium
9.23467014,8.710110232,8.014704694,10.37283848,medium
7.800180216,5.438303037,8.951392915,9.087204198,medium
7.076791958,8.247700474,7.989231923,8.130018231,medium
8.165903102,7.594459619,7.438656528,7.268802003,medium
8.705334553,7.256061503,7.939389919,9.179129684,medium
10.28196696,5.993879969,7.157673654,7.067350444,medium
7.536316987,7.794173582,8.101888084,7.951935827,medium
7.673646428,6.350943228,7.102074216,8.852585749,medium
8.88249321,7.984692127,9.393925445,7.588687885,medium
9.281286127,7.105098322,5.513476096,7.632790176,medium
7.341318143,8.046319724,8.401294136,8.440309141,medium
8.664570455,8.461004079,7.511972777,8.139471133,medium
7.434842486,7.496261233,9.987148808,7.750747388,medium
7.03782173,6.977601544,7.765536569,7.790625965,medium
8.623360902,7.388257771,8.48183736,8.250899226,medium
8.106497772,7.332606497,8.386893969,8.466728667,medium
8.389330878,6.506724171,8.247672409,9.294261816,medium
7.419496503,7.219381786,8.518119835,7.580767721,medium
9.794977956,7.806594865,9.997413734,9.316659451,medium
8.665288009,7.77916669,8.927508824,6.534783643,medium
7.625597574,8.32954174,8.196424149,7.35491343,medium
8.702748931,9.291875723,9.790266219,6.64709815,medium
6.785485616,8.333671032,8.583197749,8.309441562,medium
7.862249873,9.475786975,8.650333599,8.420861381,medium
9.403357899,7.352074035,9.245030149,6.633974581,medium
7.811160688,9.35066841,8.161106626,8.047864472,medium
8.910490372,8.593408908,8.725490691,7.086133726,medium
7.778078,6.808291115,7.725519782,8.493842855,medium
5.7019736,8.402171012,8.124836065,6.445086161,medium
7.119787454,6.762307159,8.039642627,8.864717316,medium
8.222735689,8.947230676,7.360266962,7.955592068,medium
9.446552711,7.460253855,10.03465322,6.964057306,medium
7.406597875,7.763889813,7.441102401,7.917077888,medium
8.275979011,7.320463511,7.644220589,7.734332975,medium
7.035180711,7.147821708,9.32441739,7.635538626,medium
6.983543759,9.702139709,7.979377771,6.502650908,medium
7.222683357,8.991804523,9.168126427,7.414789844,medium
9.369062067,8.675213077,7.392642879,7.826672377,medium
8.94031009,8.073619959,7.987158341,6.516747793,medium
8.593665157,8.736333815,7.749063122,8.302361385,medium
9.115462553,8.661712777,7.03088636,9.373116386,medium
7.575575003,9.603520598,7.696688047,8.7820872,medium
8.759576937,8.850039778,7.34473286,7.201467042,medium
8.209629278,7.793810994,8.857447325,7.343133783,medium
6.950899075,7.785107057,7.709016417,7.534307746,medium
7.168937778,7.531927436,7.917218796,8.605893415,medium
8.050052932,7.636261439,7.172155307,7.960480463,medium
8.205630061,7.763316061,8.215199006,7.054943497,medium
7.678641581,9.22288075,6.388063643,6.488015389,medium
7.003508756,5.671640367,5.050128216,8.559297163,medium
5.90910806,7.298154172,9.880106343,6.95603655,medium
8.425235479,7.867119281,8.757261697,8.497012072,medium
7.704728291,6.716741596,8.634728634,8.073070916,medium
8.549160883,9.61910061,5.763491734,8.721771015,medium
6.454108187,7.766051699,8.677129117,9.094171501,medium
6.746664065,6.883081869,8.519814271,6.576705611,medium
7.888668125,7.108386213,7.922344959,9.022303658,medium
6.587186464,8.872395163,8.825038763,8.687815079,medium
6.017046149,9.869009341,9.120569031,7.69254511,medium
8.783595408,7.875731496,7.877836401,7.980250944,medium
8.90086934,8.107028807,9.945337078,8.488398386,medium
6.970036358,7.05146494,8.988362699,8.66050081,medium
7.727942731,9.316644711,9.224385381,6.285956673,medium
6.866027095,8.722656926,7.684882385,9.458856981,medium
8.316426917,5.670746537,7.868877144,6.592104517,medium
7.970321699,7.354767454,7.077414578,5.918835881,medium
7.130539549,7.765882506,8.407369085,8.954239386,medium
7.225782456,6.891839327,8.264011434,6.488407746,medium
6.937918807,7.726775824,8.091283554,7.775856866,medium
8.436374262,6.866558846,7.319312571,6.653471104,medium
8.571008848,8.359307954,7.768030505,6.205415691,medium
8.376474894,8.335644764,9.985111783,7.557886004,medium
7.157110303,8.810984353,7.070840643,8.647112024,medium
6.213830372,8.416456136,7.593909767,8.31589938,medium
8.530875663,9.594114039,6.596567446,7.357526184,medium
7.822941053,7.613862123,6.759270932,7.984242953,medium
7.96060765,5.846696633,7.713234799,7.901304853,medium
9.032127985,8.025659213,7.608712698,7.976475511,medium
7.106484166,8.649848845,7.383098436,7.553961705,medium
9.144015326,7.5987644,7.22615569,8.360949903,medium
7.586808505,9.400876478,7.803373077,6.917297489,medium
7.286812178,9.094768679,9.134020543,8.377517396,medium
7.794253856,8.537493299,7.642198814,7.660592296,medium
8.390019729,8.069774758,6.716796136,7.664401408,medium
7.792784355,7.448499367,6.930948195,8.705804094,medium
7.099492779,7.823056632,5.995652351,7.572428178,medium
7.718375721,8.469177848,6.289483678,7.014649748,medium
5.458068899,8.967796788,7.252579817,6.796961658,medium
7.491488318,7.703885343,7.023584539,8.669032743,medium
8.455966218,7.271746742,6.850973889,5.666712623,medium
7.830740225,10.47560586,9.989243654,7.583084426,medium
8.688327722,8.51855717,9.751131083,8.181456388,medium
8.485982434,7.096396795,10.5644093,6.625039592,medium
8.645646746,8.930979056,8.776495902,8.006962959,medium
8.656044945,8.061686498,7.838751455,8.670240019,medium
6.261419239,8.826789249,6.956739306,6.175571413,medium
8.00415968,8.051796953,6.899233738,7.112786041,medium
9.630067335,7.941570949,7.503126053,9.762262444,medium
7.519514773,8.090611621,9.280520927,7.345375579,medium
8.452802442,8.412780797,8.666470562,7.03390554,medium
8.143393731,7.389914268,8.889500197,7.142281438,medium
8.557012225,7.34463677,7.812878572,7.5656806,medium
7.727969883,7.815220794,6.446363657,8.185919886,medium
7.351700703,8.171301432,8.326402672,7.296332733,medium
8.071960844,7.682623545,7.785388028,8.201719599,medium
8.207814831,8.316984562,7.696041693,8.701952747,medium
7.81466771,6.898264587,10.18417323,8.336181512,medium
8.031440665,6.569041547,8.869691283,8.749825701,medium
8.411351934,9.892010633,7.771593796,7.199117665,medium
7.22381611,8.397877113,6.09655358,7.877258607,medium
9.139677657,7.602971867,7.713358529,8.664288592,medium
10.20076027,7.720042152,8.99038892,8.054957883,medium
9.477205329,8.785118531,8.372820993,8.212695034,medium
7.545582149,7.789679186,8.272107368,8.05086068,medium
6.177112731,8.192114964,9.045093639,8.182916851,medium
8.054197957,7.735274374,7.830990013,7.975327072,medium
8.880273221,7.498608942,7.654197975,6.900609002,medium
8.778106698,8.602189814,7.746033866,8.173999331,medium
6.770253225,8.141494558,8.734512927,7.544633278,medium
6.886851489,9.301812667,7.730651869,9.435778862,medium
8.133744635,6.874603142,8.760301142,7.47040983,medium
8.626081345,7.864692594,6.771816381,8.152151396,medium
8.872931664,7.791011051,6.728934979,6.026738676,medium
8.816391979,6.925137666,8.127383608,7.341121239,medium
7.032024508,8.997858726,8.760383158,7.171547351,medium
6.687394944,7.892600251,7.592347084,9.231703543,medium
5.987480222,6.61444201,7.422578655,7.848914049,medium
8.504932698,7.407859373,5.160623833,8.144956275,medium
8.828111566,6.894666439,8.374320874,8.300296912,medium
8.335850689,9.039088513,7.097145021,7.468888521,medium
6.940875554,10.54290446,8.402574906,8.300715142,medium
9.56771675,7.326284181,9.427211723,9.506624041,medium
7.629853376,7.907769992,7.504080954,8.61699271,medium
9.779038361,8.279735034,8.696725382,8.714400058,medium
8.551402005,10.70895942,7.847454227,7.165477174,medium
9.190310645,5.670996536,8.368604636,8.179047539,medium
8.330602226,7.486044264,6.844200615,8.293346437,medium
7.935347772,6.797205243,8.417823595,7.34489837,medium
6.987451932,7.772375194,9.304961544,8.117420548,medium
7.44148581,7.724100782,9.796711856,9.97352809,medium
7.952892164,7.270191194,6.812619345,7.025466768,medium
8.282074068,9.834155718,8.533685008,8.552947651,medium
7.966780788,8.257065337,7.491975829,6.92617887,medium
7.822028011,10.39358537,8.522720628,8.351996769,medium
8.183485517,8.823616626,7.821536138,6.958175224,medium
7.475627957,6.73468785,7.751966734,8.590351152,medium
7.464062544,7.246508785,8.682099497,6.731560101,medium
6.544295298,8.273038419,8.746201527,8.020477665,medium
8.84627147,7.422101059,8.279077038,9.341316259,medium
8.046932368,8.354289689,8.464049382,7.777525913,medium
7.916375767,8.732572642,8.378460413,7.893602406,medium
7.259081385,8.421122277,8.278374002,9.404190312,medium
7.752226136,7.865387166,8.09123016,10.03629655,medium
6.913217144,7.356461066,8.915610226,10.48310511,medium
6.950702648,6.710679311,8.709899292,7.606374676,medium
6.081048228,8.340894899,8.793932839,6.944863409,medium
8.981698773,8.922335674,9.106968498,8.651154342,medium
8.125964082,7.92033059,8.549337333,8.435595444,medium
6.883223624,8.753617653,7.847001671,9.285208234,medium
9.163786604,10.22752968,6.910529577,8.150213368,medium
8.624591683,9.933821282,7.511967546,8.160819359,medium
8.742382275,7.505094523,7.130045083,9.513758634,medium
7.774229433,8.546711841,7.701491413,8.16199077,medium
7.577127993,7.297789362,7.474705427,8.682235127,medium
7.901947098,8.689813424,7.803314184,8.484517545,medium
8.404690656,7.94163686,6.976100082,7.95552808,medium
8.799914607,8.277587578,7.377697883,7.465188837,medium
9.58946915,7.140985386,8.355587157,7.662452156,medium
7.490929596,9.205377916,8.213605954,6.051473032,medium
6.984435252,7.915820034,7.595930318,9.278455016,medium
8.100858666,7.554080042,9.012822332,6.404889171,medium
11.02210419,7.923378627,6.358870559,7.409299517,medium
7.571384155,8.07639838,8.482758609,7.629668954,medium
9.145681218,9.636864012,9.569830567,9.205528357,medium
7.75690179,6.889276012,7.592152242,8.057850704,medium
7.521456762,10.4589912,8.387584918,8.944225289,medium
7.289582878,7.226687614,7.441711997,7.705768151,medium
7.788755372,8.174643375,7.977984964,9.671368448,medium
9.641784471,5.941858635,8.815603462,8.486997818,medium
8.301846721,7.34553947,7.085985519,8.547294217,medium
8.487329123,8.731773364,7.445179202,8.877530984,medium
8.838735792,8.505233059,8.532223347,6.517767747,medium
10.07174151,8.410572222,8.41570969,7.989475988,medium
8.775618842,7.533234696,8.806859182,8.214424249,medium
6.572888647,6.156427534,9.252748197,7.233270752,medium
6.966488665,6.927175373,8.769852742,8.01217052,medium
6.410544886,7.770171235,6.922367393,7.278659669,medium
5.15145323,8.621637175,8.153781367,8.21974743,medium
9.290733928,8.837445481,7.60091258,6.215171777,medium
7.506276126,7.697111951,7.994142502,8.284409589,medium
8.394970678,7.848447466,8.917362355,7.363726506,medium
9.181617853,7.837148477,8.276155444,8.939339897,medium
7.488167305,8.057845533,8.15518836,6.026889502,medium
7.865032351,9.537144886,7.879885255,8.042513309,medium
8.35025618,7.273287472,8.397018505,7.779090358,medium
8.225879222,7.79523728,6.821374811,8.940523613,medium
7.22568475,8.078726292,7.578451976,6.419988891,medium
8.73081561,6.661734107,9.616576036,7.451268985,medium
8.545635528,7.078970765,8.616122843,8.711861517,medium
7.711550704,8.200261949,7.038205973,8.612873623,medium
6.777619089,8.427069128,6.771443341,8.356334108,medium
8.633333596,9.140090209,7.040669746,8.288570307,medium
9.427519656,7.534294044,8.580156857,6.331458286,medium
9.380517493,9.453900621,8.433158965,8.851062197,medium
8.872634567,7.135443783,7.431417697,8.215776063,medium
7.516864931,6.40371692,7.631315659,6.185292915,medium
7.468653081,6.053986554,8.97822807,7.82654867,medium
7.412315243,9.104050275,7.69292639,8.953767761,medium
7.588302131,8.304872111,7.94159072,8.703787584,medium
8.709185621,7.86957811,8.352533747,7.36871505,medium
8.256396754,7.706386613,7.817672369,8.907591768,medium
6.143639414,9.586255455,7.264973596,7.603036674,medium
6.13941237,9.201145504,7.587058725,8.381958965,medium
7.977165906,6.996260289,6.918999565,8.928532701,medium
8.149938747,6.608983017,8.469312616,8.390576089,medium
5.692525658,9.085295881,9.332040123,7.347297451,medium
7.183552774,8.560611806,8.244262636,8.819982367,medium
8.027561152,7.489019015,8.812729226,9.477430086,medium
9.461785915,8.396451966,7.348864975,7.070803566,medium
5.987131272,5.976768896,7.859691224,7.817805667,medium
6.744555722,7.334858527,7.863887843,9.003658472,medium
6.919693153,8.435007206,6.569359375,7.148008112,medium
8.175396079,7.927088361,8.088892943,6.280624197,medium
8.330839221,6.718112356,8.479237259,7.505300965,medium
7.679310769,9.015266131,8.683406456,9.066489777,medium
6.387671312,9.163059339,9.315654041,6.638152367,medium
7.369447583,7.059960162,6.527350563,7.751696169,medium
7.439514013,7.814533371,8.617651459,8.961930078,medium
7.797418716,8.730613939,8.717074073,8.046927454,medium
9.622885181,8.863724843,7.789974192,8.566919054,medium
7.32322947,7.471252385,8.602459333,9.62398016,medium
8.076264405,7.12146016,6.585467525,8.900771211,medium
7.294601658,8.345075407,8.214394674,8.591190651,medium
6.759772151,6.083981782,4.870911809,8.490986408,medium
8.635947898,7.049922411,8.312058303,6.841583396,medium
6.94937132,8.773587127,9.601563455,8.839196893,medium
10.73520919,6.296201594,9.541987028,8.542106622,medium
8.092562938,6.799222873,5.34033062,8.403620734,medium
8.060253576,7.759214936,8.535026843,8.057200344,medium
7.933454789,7.697926499,7.650279006,6.728952117,medium
9.84364554,6.245955242,7.974991942,8.153593752,medium
8.66392711,8.509378842,5.783866544,9.254956095,medium
7.749009356,6.978543663,8.385040501,7.38828704,medium
6.833810193,7.841941063,7.473279312,6.199150753,medium
6.961272239,7.803427793,8.373889489,9.83802787,medium
7.215010695,8.696628741,7.8087818,7.435722063,medium
9.214948431,7.93401854,6.974562445,9.140356601,medium
7.811018424,7.865652014,8.333196336,8.62405347,medium
7.242801377,9.654740844,8.595069071,9.6577361,medium
8.792059478,8.371894882,8.054319287,7.957909415,medium
9.345180019,8.623540463,8.567101587,7.699555472,medium
7.305468516,8.474898627,7.535989371,9.732257979,medium
7.555067456,8.571634627,9.284800815,10.15652982,medium
8.345284187,9.335736467,7.642027718,8.31851888,medium
7.995155563,7.942895839,7.42034811,8.169847046,medium
8.406366471,8.242843946,9.041592782,8.742349498,medium
9.714198526,9.969634133,9.114882181,7.32746331,medium
7.939613446,7.469961687,8.680655637,8.497826152,medium
7.719297732,9.29100898,8.22050666,7.010387998,medium
8.485414461,7.392921804,9.594885985,7.702520386,medium
7.95065547,9.710139675,6.989359106,8.794883534,medium
8.627765062,7.33375262,9.137769993,7.23704659,medium
7.776028849,7.185627723,9.714393834,8.850860624,medium
8.443522714,9.036402624,8.054609574,8.50217906,medium
6.436259292,8.964931533,8.585722004,9.433742536,medium
8.013903658,8.551710837,8.609702194,10.16566299,medium
7.483784013,8.273188529,9.193582008,7.424624242,medium
6.809457424,8.241859803,7.141189573,8.390638833,medium
7.586930792,10.05476071,8.895706193,9.558663781,medium
8.371994945,6.567465505,6.291052934,8.199045428,medium
8.092342964,7.013663683,10.07690355,7.346186999,medium
8.693483763,6.720859877,7.428660241,7.002429195,medium
8.940899243,8.96075549,7.683809035,9.400444303,medium
8.82846403,7.754358065,8.258885177,10.59949171,medium
7.675510824,7.869991544,6.74968794,6.952699717,medium
6.671843802,9.783306818,7.737105157,8.110537304,medium
7.71966503,7.420973547,8.06148744,6.431930854,medium
9.169655437,10.0227946,7.660032512,8.069671206,medium
7.878523635,6.590559186,10.02629406,7.692820135,medium
6.362708349,9.317835613,6.213239349,7.987946714,medium
8.491383223,8.323121003,7.894611584,10.89485439,medium
8.281819311,7.61139948,9.178847289,6.601319522,medium
7.599396645,7.827163097,7.163835196,8.432113402,medium
8.173361503,9.338974668,7.861048878,9.832657717,medium
9.36938767,9.703805872,9.943284897,7.388977457,medium
9.299196094,6.321532179,6.132654402,7.180657287,medium
7.543703106,11.42109461,7.196402135,8.04830946,medium
8.010664862,10.57794265,6.801591437,9.30055137,medium
6.545910855,7.474678165,8.629521384,7.65687516,medium
7.272246674,7.935618095,7.133871477,6.974208729,medium
10.0082404,7.336452644,8.467805603,8.070548542,medium
9.498009686,7.906998911,7.354193618,5.982180732,medium
7.770745275,8.739859438,7.84747444,6.524544879,medium
7.307534855,8.103362815,8.856214879,9.086462798,medium
6.633376703,8.192006998,8.137003754,8.458815574,medium
10.12605185,9.478807603,6.059294546,5.82600357,medium
8.114629725,5.796131521,7.464112533,8.617616257,medium
7.406051091,7.508556953,8.713595098,5.695204648,medium
9.078067338,8.144417271,9.86014832,7.553031288,medium
6.900414167,7.216899363,6.885173855,8.299490677,medium
8.726564198,9.06096624,7.771378964,6.571525413,medium
9.440870302,7.554494358,7.91841012,9.267497484,medium
7.78982984,7.570819846,7.267433513,9.21450579,medium
9.451280944,9.189011801,6.617367177,7.325144069,medium
8.641551431,8.834294073,9.8387966,9.12102191,medium
15.19654978,15.83437149,14.50582612,13.64276937,high
15.65011319,14.30159605,16.12759347,13.70730219,high
15.67100419,16.30924048,13.85305045,13.48279269,high
13.71584223,14.01982237,16.4810186,15.85917603,high
12.97389042,15.7479851,15.91619121,13.78538247,high
17.20532606,16.25779662,15.33513102,15.61905538,high
15.23138993,16.22218335,15.57467533,17.34537993,high
15.37564226,14.88783916,15.20361966,14.80197209,high
13.80703148,15.69220014,14.55295881,14.81599233,high
16.13254984,12.8623585,14.65647407,15.83873753,high
16.83947679,15.44423598,14.3961642,14.98549245,high
16.5278701,14.89071313,16.23867252,14.23616677,high
12.97637298,15.59982466,15.59949205,13.58046166,high
13.959492,15.10875907,14.89126624,15.09331187,high
15.0977916,16.2947969,13.86114304,14.5728495,high
15.6968408,14.82934924,15.31985534,15.39236747,high
14.45611148,15.73373952,13.99345187,15.28201384,high
14.1414507,14.89404392,14.14838796,16.2980284,high
15.22978594,15.65576257,17.03878604,15.60021884,high
14.05735685,13.76873391,13.60401778,16.13641129,high
17.0435043,15.60656951,14.117005,15.06967441,high
13.1745046,14.61040954,14.41919387,15.8159187,high
15.50879221,15.39481502,14.40424431,14.75268522,high
13.00367279,14.12468145,13.87447462,14.84636309,high
14.50567708,15.54164091,14.81227451,15.07468094,high
16.48433728,17.99152533,13.96195796,13.88973638,high
16.12176857,16.54052051,16.34246055,13.79441552,high
13.60013935,15.98037879,15.12351293,14.70933878,high
13.52390196,14.38098503,15.85814779,13.59835446,high
15.05810584,15.32486047,13.59457208,15.09568259,high
14.04702336,14.84166167,14.9855429,15.7983166,high
15.40577011,13.01487111,15.54557568,14.11755387,high
14.01606152,14.7598321,15.09811209,15.05198906,high
13.38987698,14.68346195,15.01759663,13.45901771,high
14.56983123,14.91036968,13.96571988,15.93487573,high
13.77578937,14.46799301,14.37128287,14.6428255,high
16.08664197,15.65182896,14.59509859,16.53051861,high
14.66519442,16.91858058,14.19762878,15.04180944,high
14.9621593,16.15565715,15.76380716,16.85985975,high
16.38059133,15.66018518,16.75961294,15.33488669,high
16.85782124,15.05506909,16.31518008,14.81033513,high
14.94704978,15.07573238,15.42284023,16.012065,high
15.3333362,16.15752258,14.88169231,15.52994931,high
16.30909768,16.2816489,15.57600573,14.44448003,high
14.82553776,14.40805314,14.21138579,15.70225002,high
13.95637413,15.94980335,15.26491711,15.63087371,high
15.99420037,13.81689021,15.1664662,15.37291767,high
13.47536546,13.8073414,12.65497679,14.64353642,high
14.75474687,16.59578333,16.89663702,14.9497734,high
14.59784492,15.03693927,13.66843857,15.87886281,high
14.47725566,15.0337821,12.37412236,16.12468749,high
12.24639125,15.97902302,14.99965753,15.29789124,high
14.41309976,14.80334341,15.10741229,14.19312514,high
16.26631293,14.15333561,14.99199457,15.75381289,high
14.53112934,15.13835732,15.14056461,15.14989335,high
14.38095681,13.29136666,13.81507266,16.13737163,high
14.33386052,14.5275339,15.5924971,13.39857395,high
14.12526071,14.84325984,16.38068758,14.25583985,high
15.1460217,13.55743732,14.16127142,15.53265644,high
15.59278071,15.18476434,15.30587424,13.64706502,high
16.44870575,14.2672669,14.72909968,17.74869117,high
13.43390871,16.11407753,14.9392141,14.14820294,high
15.39535333,14.71895796,15.97570845,15.44721071,high
14.84676604,13.90899972,15.27776821,13.27202574,high
15.28528602,15.23922274,16.93184107,17.20505145,high
13.96828273,14.94678232,14.66770939,15.72581543,high
15.04551142,15.04031788,16.48194329,14.4860929,high
13.84638621,15.21545474,14.54434444,15.26113171,high
15.65970328,14.605979,14.7686776,14.28952284,high
14.05381018,14.67340913,14.67288237,13.28055149,high
15.06354728,15.64800382,15.28790203,13.9105412,high
12.87276732,16.62673702,15.46653423,14.08858071,high
15.32696686,13.07430623,15.14516109,16.1413449,high
16.1077229,14.86431959,15.59932533,15.46620879,high
15.76616288,15.9796823,14.21806766,14.62961169,high
16.05367298,13.82078807,14.76112148,14.74374214,high
13.6440572,16.16681337,15.65213535,16.07226547,high
14.83069861,14.62077258,16.03807857,13.99579675,high
14.93029901,15.70775212,15.3383411,15.5994033,high
15.72019565,16.47376578,15.70938983,14.06563459,high
14.83221812,15.89857683,15.84006116,15.7166538,high
14.79672108,16.21431502,15.609309,16.25694026,high
16.67812825,12.79217294,14.77628233,14.5626238,high
16.09093513,13.7266372,14.83565608,15.45682969,high
13.24355537,15.58146666,15.62199383,12.79444311,high
14.61538921,14.0892192,14.54461618,15.32384533,high
14.00784181,14.4481255,14.86801624,15.31439952,high
17.97158503,16.38422225,14.90819299,15.42563338,high
14.50566547,15.11649412,13.41319099,16.21633413,high
16.14803978,15.04531788,15.3341889,14.04643758,high
15.09627125,14.75441437,15.57000684,16.39937561,high
15.10883021,13.40210448,14.93889663,14.03932309,high
15.49523695,13.11942603,16.7940672,13.36503544,high
14.8573565,14.78223376,14.82421763,17.20591227,high
15.832937,15.35473879,15.57879924,15.81643826,high
15.55982377,13.68105522,15.53259813,15.76347491,high
13.31490405,13.1922199,15.78467906,15.63121696,high
14.44438769,16.27550914,15.41771209,14.79128834,high
14.47664688,15.50699835,14.80871942,16.00867781,high
14.49389567,15.48209487,15.56335325,16.4359677,high
16.06528489,15.9170965,15.25352234,13.43831095,high
16.48702703,15.55474357,15.24352214,13.85697364,high
14.07819905,13.94449732,15.71959025,14.27740341,high
15.54143547,16.25015506,15.77273298,15.52583163,high
13.83023207,13.72263995,14.99147714,12.65585641,high
14.44291962,14.52141168,14.61093085,14.84257052,high
15.29846554,15.33359562,16.32823335,13.54914919,high
14.81107721,15.28099847,15.05301255,14.6548083,high
14.3195498,15.5893355,14.62373484,13.39300953,high
13.74255146,15.87659208,14.05376165,16.17045205,high
14.68823346,14.19032767,15.26998948,14.7239649,high
15.05249805,13.71257371,15.38715059,14.80529414,high
15.56223381,13.83226691,13.8619474,16.49209519,high
14.12418318,15.57448314,13.65164551,14.1351851,high
15.58675596,14.53724572,15.18419712,13.4534394,high
13.83616043,15.41291213,14.18110034,14.38063525,high
14.45388798,16.18298161,16.3486153,14.34727808,high
15.45037717,14.32826602,13.8928006,15.35035661,high
14.30748453,15.92469895,13.45109689,14.68421813,high
14.22040389,14.35510748,14.93015206,13.58880687,high
14.95266734,15.61681388,15.46800509,14.81601995,high
15.03543457,15.0340746,15.15688115,15.59654658,high
15.93448196,14.14956055,14.87914036,13.6565799,high
14.76661398,15.94785037,15.37880083,16.00097515,high
13.29921192,15.7226044,14.23161436,15.70753008,high
14.3441619,14.13139375,15.22699193,16.50048062,high
14.36952953,15.0377018,14.16631273,14.67214108,high
14.06767241,17.52239807,14.19560515,15.42260845,high
15.3219037,14.24813721,15.10671547,14.12680743,high
17.5017651,14.83328714,15.41146491,14.74339575,high
15.79416747,16.40289307,14.13087843,13.94612793,high
14.84516044,13.88630227,13.44902245,16.07547944,high
15.50366718,17.38041364,13.97365002,13.55174002,high
16.44276824,14.33269786,12.99979701,15.61468772,high
14.69073282,14.4785678,15.12901719,14.31635433,high
15.66448047,14.96144624,15.58476877,13.9520591,high
15.56189912,16.07467642,16.80192915,16.46091767,high
14.87736517,18.23554282,14.10527162,15.10695823,high
15.05654601,15.48331464,14.52746219,15.33331037,high
15.651891,15.61961622,14.8914912,15.19450927,high
14.97376136,13.62647133,15.23758303,15.65257881,high
14.660491,15.14124174,14.20165169,16.47491838,high
14.40601002,12.64021736,15.92933218,15.06202639,high
15.29096208,14.74172676,14.62031084,16.22091119,high
14.944978,16.46142509,15.98517057,12.65261751,high
14.62826172,14.80192995,13.37078169,15.63011563,high
15.17658847,14.94235737,14.83776533,15.4228482,high
14.22693308,15.03904464,15.34577473,15.18088756,high
14.19758039,14.87627051,14.50780908,15.12709944,high
16.37356613,15.10004958,14.52131323,14.54237461,high
14.11864394,13.48876658,14.36226574,14.37692393,high
15.31578806,14.51912857,15.10342071,16.09564755,high
14.03161342,14.65841235,16.26229836,14.81334322,high
14.76939035,15.56977337,13.97570089,16.18148081,high
15.39036228,15.20737664,14.90099654,14.6130612,high
13.99046322,14.24140753,14.51743314,13.98651882,high
15.59503867,15.84901384,16.41320322,16.44656214,high
15.21891523,16.22658542,16.92772818,14.90150987,high
14.68339371,13.72058233,15.50073313,16.21728073,high
15.24546654,15.18401111,15.06631088,13.76799652,high
15.07504484,14.25097423,16.3662498,15.35791803,high
14.16034997,14.39185147,14.53838487,14.68429995,high
13.60293608,15.41986362,14.94317962,16.95405206,high
15.10613177,15.8418498,16.05022858,16.30768999,high
13.99527883,15.38015694,15.10571374,15.56028484,high
14.96478001,14.46515567,14.52458715,14.49308928,high
13.35192383,16.12971201,15.18498635,15.98350079,high
14.07096751,16.03188963,14.55236617,15.72169686,high
15.27211081,14.01061742,16.86991842,13.55325394,high
16.04532279,15.31316853,14.61677639,16.1879712,high
15.16927855,13.84033523,15.94076258,15.85700591,high
14.00556502,16.46673354,15.00114038,14.81242974,high
14.5846626,15.27005958,16.33035104,17.31198146,high
16.09363613,16.06713532,15.93072435,15.95284847,high
15.51868426,15.3881438,14.35124307,14.48607016,high
15.78704034,14.89172961,15.2820576,15.9311408,high
15.99670095,15.75048854,14.85418357,15.40929843,high
15.37746798,13.89668225,15.50278286,14.82505441,high
16.10938,13.56731757,14.95363909,11.73785067,high
14.02678604,14.36884636,15.47033465,14.56840722,high
15.29964526,15.26361795,14.8830209,15.02428969,high
14.66051768,14.58631193,15.9556424,15.72339501,high
15.2017389,14.53488126,15.31316694,15.35263195,high
16.32539797,15.9208515,13.68413457,15.22674577,high
15.50379348,14.49780729,14.97927032,16.51321052,high
14.37036331,15.97445687,14.6633371,14.94710863,high
14.64984589,14.22706408,16.11643674,13.94431903,high
14.04866137,14.74351664,13.84833066,14.49647265,high
14.91018575,14.17368666,12.95500503,14.81573109,high
14.5004031,14.57380068,15.46767533,14.42531498,high
15.79157269,13.83830313,15.94196206,13.13538295,high
14.5072724,15.44698697,15.45291036,15.59545786,high
15.71031471,16.1823143,16.35278265,15.79153175,high
15.72073013,15.28335869,15.90195569,14.26384258,high
14.56466978,16.71226784,14.06968987,15.4362238,high
16.42649174,13.3599,15.93052499,14.68432803,high
15.02692431,14.24844793,14.41122336,14.70461324,high
14.34718158,15.5246444,16.10508756,15.60411874,high
15.07439935,15.63337929,15.99288191,15.41811491,high
14.00903748,15.32699672,14.95021196,14.41635933,high
15.65099328,16.74568499,16.06793716,14.26810617,high
14.10483201,16.67538957,14.73210248,15.54331302,high
16.29299294,13.54069564,16.0110056,14.00093,high
12.92579341,14.58259575,12.69356545,14.29571277,high
13.88753988,13.56596663,13.94860772,16.38311196,high
14.66165411,13.96922603,15.14755742,15.1603042,high
14.29930248,15.24825639,14.48934033,14.55621114,high
16.34694517,15.35140777,12.33204176,13.82210864,high
14.93957403,14.21954831,14.16476938,15.71731041,high
15.35480442,15.30160044,16.61395859,14.44620479,high
15.70736956,14.27216457,13.79122111,15.09688158,high
15.15287795,15.24941387,15.16693804,16.19012428,high
15.96101004,15.11314526,14.50610135,14.78048441,high
15.43971623,14.71598742,15.018316,16.03114925,high
15.6982138,14.03990754,14.82263505,13.85390496,high
13.51399254,14.53467494,14.86408576,13.2370927,high
13.87367827,15.4911462,14.87749184,15.32724997,high
12.77359251,14.50581816,12.82300641,16.19037838,high
14.74672714,14.67449221,15.00055958,14.4736516,high
16.4317565,13.93023932,15.12835196,14.74486601,high
14.02159717,14.5658852,15.41233669,15.9261099,high
15.31506322,14.97514336,16.36723917,14.54538896,high
15.44095616,14.27089115,15.03676014,13.87977848,high
15.2385264,14.61728766,15.2707719,14.17423515,high
14.71577739,13.89930588,13.57234369,14.82700637,high
14.38185596,15.74916476,15.09957468,13.45118349,high
14.36323204,17.20977518,13.44454812,15.80875304,high
15.01745325,14.57476977,16.99848931,15.5739941,high
16.29963841,15.46666629,14.64297743,15.84263066,high
14.20649251,16.58196745,15.35216089,16.54553917,high
14.87746561,14.61555584,15.4413358,15.98746582,high
15.09926816,14.61083502,13.69250702,16.44799889,high
15.79141349,15.64727514,15.46688086,14.64974651,high
14.76867188,14.0476542,13.92710006,16.16046817,high
15.63771731,14.8268635,15.45850567,13.64988677,high
13.50326719,14.44683492,14.38119491,15.61349124,high
15.71839966,14.03216298,14.32006261,16.65794006,high
15.09637101,15.42069596,15.41420618,17.05741997,high
13.90435473,14.86118611,15.36642729,15.29095596,high
12.66964136,17.16952579,14.75109334,15.76451131,high
14.63466337,12.1569821,14.26367058,13.921381,high
15.66886073,15.64528193,15.19400576,13.46623998,high
15.3190553,14.17867829,14.95124622,14.98765914,high
14.63583361,14.71377083,15.95950048,15.2929008,high
15.05006536,13.91119902,14.36791606,14.86754899,high
15.1559906,15.57840049,14.87693253,14.19761016,high
14.24758947,16.35541777,17.27078322,13.77778463,high
15.05455508,15.4891122,13.71608357,15.94124419,high
15.11226855,14.08814348,15.31725142,16.00597991,high
14.27716854,16.61447747,15.41065051,14.84086206,high
15.19819556,14.83627333,14.5511095,16.68109469,high
15.31056031,15.1787387,14.29032394,15.01532301,high
15.5263236,14.95076137,13.54279594,15.97711879,high
15.71104652,14.78419928,13.58240355,14.32859644,high
15.41031061,15.08097708,14.73597931,15.60576613,high
15.30139893,13.96944726,16.25278681,15.66015258,high
14.9045699,16.1532113,15.05370768,15.28967929,high
15.44876031,15.64632888,16.54571971,16.09095134,high
13.73075496,15.07882856,14.39776371,14.86659803,high
15.65427019,15.94540573,15.5786026,12.99392169,high
14.46509063,13.77785121,15.12439861,14.66326475,high
17.33752882,16.08512896,15.36265009,15.75926864,high
14.40366194,15.21200187,15.20540154,13.12589539,high
12.11237017,15.50322103,15.77772757,13.2848862,high
16.3720853,14.54428801,14.99226817,15.02279442,high
14.40134762,14.21770641,15.96850235,15.12061884,high
15.59295092,14.45379695,15.49018492,16.21905113,high
15.22574207,16.03625305,14.99046268,14.93853554,high
16.09631206,16.09077666,14.88719001,15.50796769,high
14.09673398,16.5548724,13.72332879,15.27328335,high
13.81093841,14.93800279,14.3513994,15.74449879,high
16.064969,14.24394356,14.73669244,15.91615284,high
14.04143253,16.47246617,15.93563431,13.66629699,high
13.46630588,13.4480551,15.79131902,14.31650453,high
15.7779695,14.84111462,14.19372499,15.91867063,high
14.93474172,15.60325702,14.52367728,12.83300819,high
17.27820422,13.83771526,16.7371394,12.4311353,high
15.34360962,13.43990422,13.58748291,15.13621451,high
14.64690726,15.48918559,15.17935206,15.033537,high
14.37281545,16.62105051,15.27765596,14.65257587,high
16.68460867,14.28526347,14.49829678,15.84828437,high
13.78507212,14.31331256,13.62750954,16.19226332,high
15.61696205,14.05839623,14.60648255,15.99353882,high
15.56168002,16.484726,17.68852433,14.82339155,high
14.42719407,14.29206481,14.89023322,14.9728832,high
16.53571788,14.16255619,14.77687903,15.30496337,high
14.25234454,14.19597001,15.17936693,12.87379122,high
14.98052814,14.41209601,13.83118406,13.99581911,high
15.3876284,14.40228206,15.75119653,15.79686312,high
17.32312597,15.60644747,15.7193961,15.24711956,high
15.61515224,15.30172811,14.65185482,13.69732572,high
16.73154803,15.47474825,15.05933385,16.2889785,high
14.27143738,14.36979971,14.49496152,15.48978063,high
13.25455969,15.72451431,15.68989173,14.39764655,high
15.88935679,11.95686516,13.34122123,15.01129203,high
13.371531,16.12770217,14.777749,15.06683174,high
13.65778964,15.19984638,15.62342166,14.70213073,high
15.6107702,14.59489781,16.68733644,14.81716677,high
14.94422337,15.4755275,14.0914985,14.85170983,high
15.84701928,13.77687792,13.8813779,15.66009346,high
16.43317474,14.36728645,14.89178899,15.99965444,high
15.91274488,15.10917162,14.94248076,15.55210946,high
15.38232998,13.43744342,15.75804225,16.74588498,high
15.55201861,14.95975457,14.88561189,15.62048401,high
15.14482665,14.96367007,14.42598172,15.32262376,high
16.70839229,14.72107442,16.88993925,15.84044537,high
15.05238938,13.70687055,14.67084696,14.86428844,high
15.80714383,16.16680081,15.88087784,15.73230609,high
14.05988372,13.51462595,15.74441634,17.00517208,high
15.03924224,13.52287959,14.56025729,14.79191139,high
13.00237267,14.41735964,16.66243636,16.03446706,high
15.1387296,16.54930379,13.84420135,15.02483718,high
13.51172323,15.10688293,14.06226126,14.25210662,high
14.86712562,15.25956673,16.1671218,16.1336903,high
14.75988313,14.7840113,13.44254176,15.45916378,high
15.97201928,15.27084741,15.6373572,14.68318963,high
14.35776855,15.63318925,15.19744952,16.76159185,high
14.33582156,15.70746933,15.73947332,13.14341814,high
13.02698629,16.37068147,15.78143589,14.93714463,high
15.6203817,14.22194387,14.33444908,14.79157489,high
16.08867162,14.84188646,14.31557769,14.86916536,high
14.77392276,15.41353866,15.81429561,15.12122212,high
16.48023794,15.82507573,15.88838403,16.86173635,high
14.59024394,14.66697775,13.88632827,12.92450295,high
13.99767796,15.65077397,13.76810831,16.03720075,high
15.2291454,14.45154732,13.92534018,14.2396593,high
15.68628454,14.65852355,14.98522094,15.94217168,high
13.50647963,16.01214377,14.97893964,14.55259118,high
13.3643666,13.1172455,17.32759188,15.86170816,high
15.04641988,15.22154674,15.53757862,14.7780754,high
15.48043529,15.92593999,14.84906624,14.38954825,high
12.65551363,14.65522302,14.4720598,13.77177219,high
13.2938125,15.62485573,14.46494353,14.00239563,high
15.30776994,14.29350371,14.38012875,14.63711538,high
15.88873446,15.17120741,13.90585285,14.95965073,high
14.61906441,15.00977876,15.17476441,15.51433165,high
16.20042237,14.97140828,11.81081389,14.92374975,high
14.38621358,13.72421274,13.83055576,16.23242098,high
14.83330419,14.83741196,15.9915635,13.76013334,high
16.34974274,14.18604733,15.14919693,15.55487534,high
14.91844264,14.64039272,15.55463107,15.91666682,high
15.0258731,16.024244,14.4103093,15.51026515,high
14.10012929,14.43340742,16.40956455,14.87096287,high
15.0670106,14.96727084,14.70255632,14.49463011,high
14.35573442,15.10302362,15.58735481,13.59038907,high
13.20056048,14.81053397,15.01367328,13.4563413,high
14.02950813,15.80609049,15.47909452,15.69862023,high
14.76135091,14.95755218,14.55854615,14.68187393,high
15.16363175,15.15489823,16.24400781,13.48570527,high
16.0680359,14.1097188,14.48236627,15.51537939,high
15.03853423,14.61774092,17.85993663,15.7896068,high
14.87259328,14.35299557,14.83827126,12.84899682,high
16.10613339,15.47427829,15.12612649,16.83821879,high
17.41505639,16.15152892,14.3798564,16.2350855,high
14.91456225,14.53936851,15.73302863,13.73374037,high
16.17798559,12.78473762,15.18887948,14.19577898,high
15.48618286,14.15448723,15.63533133,15.20834948,high
14.92395402,14.06572411,15.71317071,15.36441196,high
13.07911495,16.18075479,14.23111226,13.80946679,high
14.03244725,15.14299368,15.82586638,14.36289502,high
14.44325607,16.56473746,13.81011262,18.08373954,high
13.88979282,15.40090413,15.15336303,15.93749817,high
13.83875006,13.45244278,15.91262217,16.39053799,high
14.58707452,15.49491062,13.40853557,14.20657517,high
15.95188943,14.25214611,14.55860039,14.69236728,high
14.07981947,15.00060336,14.59703905,13.64862216,high
15.11817512,14.89834663,12.93769728,15.36243728,high
14.7970072,14.85594186,14.79743512,14.94975102,high
15.7930998,14.66863094,16.40758869,17.31181945,high
15.03843684,16.92120815,13.59260593,14.68183667,high
14.83183701,16.50985486,13.9005483,15.01070438,high
14.41581059,14.1107156,14.60692451,14.05881421,high
15.89189867,15.19868021,14.94053696,15.23034191,high
16.13933308,16.15136468,15.10492541,14.21614905,high
15.01944248,16.10252557,15.18899522,13.96155068,high
18.27178275,14.10461695,14.72179755,14.89580525,high
14.99700679,16.4098009,17.35919692,14.09669739,high
17.92382395,14.2954042,14.55236546,14.13751082,high
14.86612048,15.12664253,13.6646433,15.50976408,high
13.42929294,15.1687558,13.43521851,16.08887997,high
13.57523342,13.08000888,14.80052044,15.8689835,high
14.12853006,14.86669258,14.46031628,14.99482675,high
16.47840798,12.89961343,16.04956872,15.09104054,high
16.7033233,13.0336615,14.81280857,14.24245433,high
15.39760859,15.32051543,15.07920206,15.295147,high
15.30849529,15.34124342,13.382347,15.99870458,high
14.46304471,15.9743347,14.76006202,14.02810874,high
14.3233244,15.3795462,14.72811308,15.9992463,high
14.2820969,14.3262307,13.59696349,14.35030322,high
14.12945001,14.19927293,14.08704835,15.43020261,high
14.46007755,15.80455451,14.12680845,13.61155806,high
14.37731023,16.45103565,15.82719318,15.17114605,high
15.52853745,15.79879371,15.55802688,16.31070147,high
15.77081867,15.21692479,15.69442495,14.92175351,high
16.60318075,14.9310028,16.40582153,13.41723653,high
12.55137865,16.62841696,14.67860541,16.63136644,high
15.49511968,12.50831302,16.18305691,14.17807918,high
14.68153152,15.9929091,14.73426533,14.01949665,high
14.7336094,14.83230472,16.15617987,14.38449558,high
13.35829589,13.87289882,13.74695398,14.0044356,high
14.96712195,15.83666204,14.39579704,15.1972338,high
14.22399289,14.01972135,15.91341596,15.33316928,high
15.35575943,15.34400599,16.65745635,14.63889562,high
13.88719082,15.18553456,14.96112242,15.82232506,high
18.44599198,15.14119961,14.66870855,15.44579358,high
14.21790113,13.1479026,15.62606684,13.72085905,high
14.71779669,15.16242002,14.87935642,15.65961773,high
13.77123381,14.50682104,15.0136257,13.70100357,high
14.674827,14.29621493,15.25221348,14.91622067,high
17.13425461,13.81637929,16.08950614,14.72652552,high
14.61310792,13.86130182,13.9344341,14.20113672,high
15.61020386,14.15439653,14.55874519,16.12619804,high
14.06022022,16.24699041,15.60031965,15.02580321,high
16.53836359,15.69516501,12.8562421,15.5185671,high
15.4683516,15.27483248,16.29544315,14.95480472,high
14.28336697,16.71648527,14.3514003,14.11569457,high
15.23043894,16.6120812,13.95563753,15.58119482,high
14.61313631,15.90296077,15.16757634,14.20314658,high
15.50870847,13.81655801,17.23377741,15.84955095,high
14.1906034,16.43308002,14.32771807,17.41707061,high
15.46321586,14.79787336,13.50538368,15.34317031,high
16.58317836,14.7573287,14.8668399,15.67474749,high
16.26276163,15.23754012,16.17023378,15.43721365,high
15.30499251,15.06293772,14.72288971,16.25095003,high
15.33367663,14.50611995,15.59973564,13.75081755,high
15.42150301,15.68486948,16.15660907,14.04341318,high
15.89837976,14.51795751,13.28616316,15.07391983,high
15.38592715,14.43520483,15.60007398,14.94026545,high
15.60609012,14.74570659,14.48292775,13.84913229,high
15.63781153,14.24031713,14.94040754,13.24620274,high
15.22779384,15.15368201,17.24501021,14.52836751,high
15.72044942,14.9027465,15.25226833,16.64517538,high
15.05783936,14.70409942,15.8107789,17.24416363,high
16.01128639,15.46379138,14.01034225,15.83520535,high
14.57174863,13.17516906,15.43017772,13.37967277,high
15.19377094,15.25244191,14.87643189,15.74961493,high
15.03246411,15.90124825,14.76807066,14.45981638,high
13.92584545,15.88044069,15.55794766,15.1280025,high
16.19882599,17.2317701,13.49570463,15.67750985,high
13.83756679,14.36016517,16.39052777,16.65993278,high
16.30512922,14.01989635,17.28263601,15.1343846,high
13.93153352,15.32609798,14.55879942,14.29657873,high
14.01791653,13.3147376,15.51880457,15.76494246,high
15.86088849,16.21069157,17.05386115,15.81976382,high
14.91825507,13.95288641,14.1179409,15.90384367,high
13.15480916,15.43854678,15.04712648,16.14379108,high
16.50342038,14.66219481,17.30863464,15.2887536,high
12.51147257,12.62052361,14.07473953,14.05673616,high
14.30747398,15.25934489,15.95547882,15.13321826,high
13.47966066,13.89699532,15.47350101,13.23786304,high
14.4320325,15.92230106,14.63687054,16.15080464,high
15.08868113,12.54850899,15.36185368,15.50566723,high
14.66645922,14.86899618,14.66780791,15.70269584,high
14.42114585,13.94660299,15.76038466,15.16108826,high
14.83620414,16.1271659,14.49043051,12.60877601,high
15.26916541,14.27216536,13.24284768,14.39031339,high
14.14424042,15.93534059,15.81319772,15.94432357,high
12.92514377,14.5317079,16.13232732,14.72630564,high
14.07415414,15.12982107,15.11153896,15.83703583,high
13.09564221,16.46235284,14.16987336,14.06237601,high
15.63533873,14.31783062,14.51740999,15.25812082,high
16.87015839,16.81861839,13.68281569,14.45197329,high
13.85453806,15.98615837,13.61262399,14.35084464,high
14.11456456,16.28460132,16.13239345,14.81416446,high
14.1244661,12.75359943,12.94148547,16.71476122,high
15.78839046,14.83148337,15.5586935,15.17221516,high
15.03134468,13.53338337,14.61582497,15.22243846,high
15.48894782,15.75927504,13.67434444,16.59184109,high
15.77146988,16.22277703,14.76749249,14.71230509,high
15.24783461,14.38246461,14.8109487,15.51772525,high
15.44783164,14.48822606,16.20230168,14.27690915,high
13.83743473,13.37841981,17.39883323,15.84835558,high
14.93821172,15.79093764,16.82290899,13.65301879,high
14.38389654,16.46152196,16.62699146,14.94417393,high
13.6951707,13.30006778,16.61588636,16.12771798,high
13.83101566,13.18748525,15.9287354,16.33843952,high
15.93760955,16.1441411,14.54548358,14.91352873,high
13.69945301,16.34854186,15.17117292,12.61025636,high
14.59567197,15.37155646,13.46940474,16.64524887,high
15.98256505,15.24224903,14.22216732,14.3774583,high
15.32925949,14.37874145,14.12696549,15.71817715,high
15.65234723,15.33903807,13.9098287,13.30335716,high
15.33137936,14.54785987,16.41265589,14.55384602,high
14.85112466,17.04323321,15.50004796,16.63106073,high
12.80028242,14.55066231,15.26450705,15.3429362,high
14.39116149,11.86261547,14.98867337,15.34355432,high
13.62169203,15.49996221,15.98593529,15.89798425,high
14.62191571,13.74285841,15.88463777,13.63526637,high
17.05410707,15.82276143,14.09513814,15.03177687,high
15.1382254,13.45390392,12.99617565,15.47487463,high
14.28085372,14.74121924,13.82152556,16.13283958,high
15.88869244,15.39040738,14.50512888,14.19060122,high
15.49137293,14.8027298,14.99675707,15.23423993,high
14.91964993,13.05305052,16.50340583,15.66625401,high
14.77236875,13.57236183,15.63476933,18.71572073,high
14.85451442,14.14958196,15.68544467,16.58986784,high
14.92857997,16.62446909,15.8104783,12.62941337,high
15.61953024,14.87336184,14.86957423,15.01722741,high
15.12765668,16.27560203,13.92591683,15.19108207,high
14.37262335,15.17949618,14.10245675,15.81816222,high